{
  "collapse-filter": false,
  "search": "",
  "showTags": false,
  "showAttachments": false,
  "hideUnresolved": false,
  "showOrphans": true,
  "collapse-color-groups": false,
  "colorGroups": [],
  "collapse-display": false,
  "showArrow": false,
  "textFadeMultiplier": -1,
  "nodeSizeMultiplier": 1.34708298471134,
  "lineSizeMultiplier": 1,
  "collapse-forces": false,
  "centerStrength": 0.385867498288583,
  "repelStrength": 10,
  "linkStrength": 0.661282771535581,
  "linkDistance": 151,
  "scale": 0.4231759750139281,
  "close": true
}