{
  "main": {
    "id": "f03ea189d1ef0a5e",
    "type": "split",
    "children": [
      {
        "id": "91f05c0d29d71a21",
        "type": "tabs",
        "children": [
          {
            "id": "f5bd6c7e11f23683",
            "type": "leaf",
            "state": {
              "type": "empty",
              "state": {}
            }
          }
        ]
      }
    ],
    "direction": "vertical"
  },
  "left": {
    "id": "331a96a892a6db3d",
    "type": "split",
    "children": [
      {
        "id": "4dba34f3f0a8ff60",
        "type": "tabs",
        "children": [
          {
            "id": "857419738380b3b5",
            "type": "leaf",
            "state": {
              "type": "file-explorer",
              "state": {
                "sortOrder": "alphabetical"
              }
            }
          },
          {
            "id": "5fdea8df19799a66",
            "type": "leaf",
            "state": {
              "type": "search",
              "state": {
                "query": "",
                "matchingCase": false,
                "explainSearch": false,
                "collapseAll": true,
                "extraContext": false,
                "sortOrder": "alphabetical"
              }
            }
          },
          {
            "id": "f052e7dc3ef39458",
            "type": "leaf",
            "state": {
              "type": "bookmarks",
              "state": {}
            }
          }
        ]
      }
    ],
    "direction": "horizontal",
    "width": 324.5
  },
  "right": {
    "id": "360850f647765091",
    "type": "split",
    "children": [
      {
        "id": "8da2668ce1492691",
        "type": "tabs",
        "children": [
          {
            "id": "2ab3b4f2be2f635e",
            "type": "leaf",
            "state": {
              "type": "backlink",
              "state": {
                "collapseAll": false,
                "extraContext": false,
                "sortOrder": "alphabetical",
                "showSearch": false,
                "searchQuery": "",
                "backlinkCollapsed": false,
                "unlinkedCollapsed": true
              }
            }
          },
          {
            "id": "e26544c0ef04d9cc",
            "type": "leaf",
            "state": {
              "type": "tag",
              "state": {
                "sortOrder": "frequency",
                "useHierarchy": true
              }
            }
          },
          {
            "id": "4f0c45c1db726a48",
            "type": "leaf",
            "state": {
              "type": "outline",
              "state": {}
            }
          },
          {
            "id": "18608d101426b47a",
            "type": "leaf",
            "state": {
              "type": "calendar",
              "state": {}
            }
          },
          {
            "id": "529bc1aacb95bcf7",
            "type": "leaf",
            "state": {
              "type": "advanced-tables-toolbar",
              "state": {}
            }
          }
        ],
        "currentTab": 3
      }
    ],
    "direction": "horizontal",
    "width": 300,
    "collapsed": true
  },
  "left-ribbon": {
    "hiddenItems": {
      "switcher:Open quick switcher": false,
      "graph:Open graph view": false,
      "canvas:Create new canvas": false,
      "command-palette:Open command palette": false,
      "markdown-importer:Open format converter": false,
      "table-editor-obsidian:Advanced Tables Toolbar": false,
      "templater-obsidian:Templater": false,
      "obsidian-excalidraw-plugin:Create new drawing": false
    }
  },
  "active": "f5bd6c7e11f23683",
  "lastOpenFiles": [
    "绿植/Untitled.md",
    "Home Computer/群晖.md",
    "绿植",
    "Home Computer/PVE安装.md",
    "Home Computer/网卡配置.md",
    "Fleeting Notes/Docker intall in Unix.md",
    "Fleeting Notes/Chaos Engineering.md",
    "Fleeting Notes/Brownbag - Marathomn.md",
    "Home Computer/ESXI.md",
    "Home Computer/KMS激活.md",
    "Home Computer/attchments/Pasted image 20230127210421.png",
    "Home Computer/attchments/Pasted image 20230127210230.png",
    "Home Computer/attchments/Pasted image 20230127210110.png",
    "Excalidraw/Drawing 2024-06-03 22.07.36.excalidraw.md",
    "Excalidraw/Drawing 2022-10-25 15.42.22.excalidraw.md",
    "Excalidraw/Untitled.md",
    "Home Computer/宽带账号密码.md",
    "One One.md",
    "代码修复错误配置.md",
    "自包含.md",
    "金融产品中英对照表.md",
    "APersonal/NCS.md",
    "APersonal/Credentials.md",
    "ToastMaster/Control your life.md",
    "Interview/Data-Question List Q&A.md",
    "ToastMaster/Stop been a 舔狗 can lead to career success.md",
    "Meetings/Meeting Minutes 2023-06-15@10-interview platform.md",
    "Meetings/Meeting Minutes 2023-06-01@11-OneOnewith珊总.md",
    "Interview/Project.md",
    "Interview/Java 八股取士 2nd Round - 1.Java Core (conflict 2023-07-14-09-27-25).md",
    "CFA/attchments/Pasted image 20230620215123.png",
    "CFA/attchments/Pasted image 20230620215134.png",
    "ToastMaster",
    "Spring in action/ToastMaster",
    "CFA/attchments/Pasted image 20230620162139.png",
    "CFA/attchments/Pasted image 20230619222719.png",
    "CFA/attchments/Pasted image 20230620003513.png",
    "CFA/attchments/Pasted image 20230609154305.png",
    "CFA/attchments/Pasted image 20230607165236.png",
    "Public Speech",
    "CFA/attchments",
    "CFA",
    "Spring全家桶/SpringBoot",
    "Spring全家桶/SpringCloud",
    "Spring全家桶/SpringData",
    "Spring全家桶"
  ]
}