{
  "main": {
    "id": "f03ea189d1ef0a5e",
    "type": "split",
    "children": [
      {
        "id": "667451fcb0bcc914",
        "type": "tabs",
        "children": [
          {
            "id": "81af8c4a88383216",
            "type": "leaf",
            "state": {
              "type": "markdown",
              "state": {
                "file": "Meetings/Meeting Minutes 2023-08-24@14-OneOne.md",
                "mode": "preview",
                "source": false
              }
            }
          },
          {
            "id": "fb57bf3e18df77ff",
            "type": "leaf",
            "state": {
              "type": "markdown",
              "state": {
                "file": "Meetings/Meeting Minutes 2023-10-17@10-Jenny welcome meeting.md",
                "mode": "source",
                "source": false
              }
            }
          },
          {
            "id": "cfa96743cc503f6c",
            "type": "leaf",
            "state": {
              "type": "markdown",
              "state": {
                "file": "Meetings/Meeting Minutes 2023-11-23@13-Google Cloud GenAI.md",
                "mode": "source",
                "source": false
              }
            }
          }
        ],
        "currentTab": 2
      }
    ],
    "direction": "vertical"
  },
  "left": {
    "id": "fce50554d2eb3b0b",
    "type": "mobile-drawer",
    "children": [
      {
        "id": "a8d858a7249e1a47",
        "type": "leaf",
        "state": {
          "type": "file-explorer",
          "state": {
            "sortOrder": "alphabetical"
          }
        }
      },
      {
        "id": "a0737de7c47709c1",
        "type": "leaf",
        "state": {
          "type": "search",
          "state": {
            "query": "",
            "matchingCase": false,
            "explainSearch": false,
            "collapseAll": false,
            "extraContext": false,
            "sortOrder": "alphabetical"
          }
        }
      },
      {
        "id": "cd6c897fb2077630",
        "type": "leaf",
        "state": {
          "type": "tag",
          "state": {
            "sortOrder": "frequency",
            "useHierarchy": true
          }
        }
      },
      {
        "id": "993759777a01d794",
        "type": "leaf",
        "state": {
          "type": "bookmarks",
          "state": {}
        }
      }
    ],
    "currentTab": 0
  },
  "right": {
    "id": "5ec369fc5712befc",
    "type": "mobile-drawer",
    "children": [
      {
        "id": "a2e6db0cbfe83c9c",
        "type": "leaf",
        "state": {
          "type": "calendar",
          "state": {}
        }
      },
      {
        "id": "7ee906d5bbf5bd03",
        "type": "leaf",
        "state": {
          "type": "backlink",
          "state": {
            "file": "Meetings/Meeting Minutes 2023-11-23@13-Google Cloud GenAI.md",
            "collapseAll": false,
            "extraContext": false,
            "sortOrder": "alphabetical",
            "showSearch": false,
            "searchQuery": "",
            "backlinkCollapsed": false,
            "unlinkedCollapsed": true
          }
        }
      },
      {
        "id": "6ffbb388ba45a8fc",
        "type": "leaf",
        "state": {
          "type": "outline",
          "state": {
            "file": "Meetings/Meeting Minutes 2023-11-23@13-Google Cloud GenAI.md"
          }
        }
      }
    ],
    "currentTab": 0
  },
  "left-ribbon": {
    "hiddenItems": {
      "obsidian-excalidraw-plugin:Create new drawing": false,
      "templater-obsidian:Templater": false,
      "table-editor-obsidian:Advanced Tables Toolbar": false,
      "switcher:Open quick switcher": false,
      "graph:Open graph view": false,
      "canvas:Create new canvas": false,
      "command-palette:Open command palette": false,
      "markdown-importer:Open format converter": false
    }
  },
  "active": "cfa96743cc503f6c",
  "lastOpenFiles": [
    "Meetings/Meeting Minutes 2023-10-17@10-Jenny welcome meeting.md",
    "Meetings/Meeting Minutes 2023-11-23@13-Google Cloud GenAI.md",
    "Meetings/Meeting Minutes 2023-08-24@14-OneOne.md",
    "Meetings/Meeting Minutes  2022-08-19@14-DBS CEO Talk.md",
    "APersonal/NCS.md",
    "Meetings/Meeting Minutes 2022-10-20@11-Toastmast.md",
    "Meetings/Meeting Minutes 2022-09-22@10-NCS Bi-Weekly.md",
    "Meetings/Meeting Minutes 2023-08-03@13-Group lead meeting.md",
    "Interview/Interview Flowchart.md",
    "Interview/2rd round interview - Sgp.md",
    "Interview/1st Interview with Zhenyu.md",
    "Interview/C2E question.md",
    "Meetings/Meeting Minutes 2023-07-24@10-KPI meeting.md",
    "ToastMaster/Stop been a 舔狗 can lead to career success.md",
    "Meetings/Meeting Minutes 2023-06-15@10-interview platform.md",
    "Interview/Java 八股取士 2nd Round - 5. Springboot.md",
    "Interview/Java 八股取士 2nd Round - 4. API.md",
    "Interview/Java 八股取士 2nd Round - 2.JVM.md",
    "Interview/Java 八股取士 2nd Round - 3. 多线程.md",
    "Interview/Introduction.md",
    "Interview/Java 八股取士 2nd Round - 9. Design Pattern.md",
    "Interview/Java 八股取士 2nd Round - 10.React.md",
    "Interview/Java 八股取士 2nd Round - 8.SQL.md",
    "Interview/Interviewer v2.md",
    "Interview/Java 八股取士 2nd Round - 1.Java Core.md",
    "Meetings/Meeting Minutes 2023-06-01@11-OneOnewith珊总.md"
  ]
}